Group,Common Name,Species Code,Call,Reference,Granularity,BinSize_m,Notes,Parameter 1,Parameter 2,Parameter 3,Parameter 4,Parameter 5,Parameter 6,Parameter 7,Parameter 8,Var17
Mysticetes,Sei Whale,Bb,Downsweep,Baumgartner et al 2008,,,,Start_Hz,End_Hz,Duration_s,RL_dB,,,,,
,Sei Whale,Bb,LF Downsweep,Rankin et al 2007,,,,Start_Hz,End_Hz,Duration_s,RL_dB,,,,,
,Sei Whale,Bb,All,,,,Presence of Sei whales producing any call type,,,,,,,,,
,Sei Whale,Bb,Unspecified,,,,Call type not previously described,Start_Hz,End_Hz,Duration_s,RL_dB,,,,,
,,,,,,,,,,,,,,,,
,Bryde's Whale,Be,Be1,Oleson et al 2003,,,,Start_Hz,End_Hz,Duration_s,RL_dB,Upper_Hz,Lower_Hz,,,
,Bryde's Whale,Be,Be2,Oleson et al 2003,,,,Start_Hz,End_Hz,Duration_s,RL_dB,,,,,
,Bryde's Whale,Be,Be3,Oleson et al 2003,,,,Start_Hz,End_Hz,Duration_s,RL_dB,TonalStart_Hz,TonalEnd_Hz,TonalDuration_s,,
,Bryde's Whale,Be,Be4,Oleson et al 2003,,,,Start_Hz,End_Hz,Duration_s,RL_dB,Upper_Hz,Lower_Hz,,,
,Bryde's Whale,Be,Be5,Oleson et al 2003,,,,Start_Hz,End_Hz,Duration_s,RL_dB,F0Start_Hz,F0End_Hz,,,
,Bryde's Whale,Be,Be6,Oleson et al 2003,,,,Start_Hz,End_Hz,Duration_s,RL_dB,PulseCount,HarmonicsPresent,HarmonicsCount,IPI_s,
,Bryde's Whale,Be,Be7,Oleson et al 2003,,,,Start_Hz,End_Hz,Duration_s,RL_dB,,,,,
,Bryde's Whale,Be,Be8a,Oleson et al 2003,,,,Start_Hz,End_Hz,Duration_s,RL_dB,PulseCount,HarmonicsPresent,HarmonicsCount,IPI_s,
,Bryde's Whale,Be,Be8b,Oleson et al 2003,,,,Start_Hz,End_Hz,Duration_s,RL_dB,,,,,
,Bryde's Whale,Be,Be9,"Ana, unpublished- GoM",,,,Start_Hz,End_Hz,Duration_s,RL_dB,PulseCount,HarmonicsPresent,HarmonicsCount,IPI_s,
,Bryde's Whale,Be,Unspecified,,,,Presence of Bryde's whales producing any call type,Start_Hz,End_Hz,Duration_s,RL_dB,,,,,
,Bryde's Whale,Be,All,,,,Call type not previously described,Start_Hz,End_Hz,Duration_s,RL_dB,,,,,
,,,,,,,,,,,,,,,,
,Blue Whale,Bm,A NE Pacific,Cummings & Thompson 1971,,,,Start_Hz,End_Hz,Duration_s,RL_dB,PulseCount,,,,
,Blue Whale,Bm,B NE Pacific,Cummings & Thompson 1971,,,,Start_Hz,End_Hz,Duration_s,RL_dB,,,,,
,Blue Whale,Bm,D,Thompson 1965,,,,Start_Hz,End_Hz,Duration_s,RL_dB,Max_Hz,Min_Hz,,,
,Blue Whale,Bm,NEPac Song,Cummings & Thompson 1971,,,,Start_Hz,End_Hz,Duration_s,RL_dB,,,,,
,Blue Whale,Bm,New Zealand,Kibblewhite et al 1967,,,,Start_Hz,End_Hz,Duration_s,RL_dB,,,,,
,Blue Whale,Bm,Enterprise,??,,,,Start_Hz,End_Hz,Duration_s,RL_dB,,,,,
,Blue Whale,Bm,CenPac tonal,??,,,,Start_Hz,End_Hz,Duration_s,RL_dB,HarmonicsPresent,,,,
,Blue Whale,Bm,W Australia,Sirovic et al 2004,,,,Start_Hz,End_Hz,Duration_s,RL_dB,,,,,
,Blue Whale,Bm,Antarctic,Ljungblad et al 1998,,,,Start_Hz,End_Hz,Duration_s,RL_dB,,,,,
,Blue Whale,Bm,Chile,Cummings & Thompson 1971,,,,Start_Hz,End_Hz,Duration_s,RL_dB,,,,,
,Blue Whale,Bm,Sri Lanka,Alling et al 1991,,,,Start_Hz,End_Hz,Duration_s,RL_dB,,,,,
,Blue Whale,Bm,Madagascar,Ljungblad et al 1998,,,,Start_Hz,End_Hz,Duration_s,RL_dB,,,,,
,Blue Whale,Bm,A N Atlantic,Clark & Charif 1998,,,,Start_Hz,End_Hz,Duration_s,RL_dB,,,,,
,Blue Whale,Bm,B N Atlantic,Clark & Charif 1998,,,,Start_Hz,End_Hz,Duration_s,RL_dB,,,,,
,Blue Whale,Bm,9Hz,Clark & Charif 1998,,,,Start_Hz,End_Hz,Duration_s,RL_dB,,,,,
,Blue Whale,Bm,Arch Sound,Clark & Charif 1998,,,,Start_Hz,End_Hz,Duration_s,RL_dB,Upper_Hz,,,,
,Blue Whale,Bm,N Atlantic Song,Clark & Charif 1998,,,,Start_Hz,End_Hz,Duration_s,RL_dB,,,,,
,Blue Whale,Bm,All,,,,Presence of Blue whales producing any call type,Start_Hz,End_Hz,Duration_s,RL_dB,,,,,
,Blue Whale,Bm,Unspecified,,,,Call type not previously described,Start_Hz,End_Hz,Duration_s,RL_dB,,,,,
,,,,,,,,,,,,,,,,
,Fin Whale,Bp,20Hz,Cummings & Thompson 1971,,,,Start_Hz,End_Hz,Duration_s,RL_dB,Overtone_Hz,,,,
,Fin Whale,Bp,40Hz,Watkins 1981,,,,Start_Hz,End_Hz,Duration_s,RL_dB,,,,,
,Fin Whale,Bp,Call-Countercall,??,,,,Start_Hz,End_Hz,Duration_s,RL_dB,,,,,
,Fin Whale,Bp,Song,Cummings & Thompson 1971,,,,Start_Hz,End_Hz,Duration_s,RL_dB,,,,,
,Fin Whale,Bp,J-Calling,Watkins 2000,,,,Start_Hz,End_Hz,Duration_s,RL_dB,,,,,
,Fin Whale,Bp,Higher_Calls,Watkins 1981,,,,Start_Hz,End_Hz,Duration_s,RL_dB,,,,,
,Fin Whale,Bp,Gulf_of_CA_Song,Thompson et al 1992,,,,Start_Hz,End_Hz,Duration_s,RL_dB,,,,,
,Fin Whale,Bp,Bering_Sea_Song,??,,,,Start_Hz,End_Hz,Duration_s,RL_dB,,,,,
,Fin Whale,Bp,Mediterranean_Song,Hatch & Clark 2004,,,,Start_Hz,End_Hz,Duration_s,RL_dB,,,,,
,Fin Whale,Bp,All,,,,,Start_Hz,End_Hz,Duration_s,RL_dB,,,,,
,Fin Whale,Bp,Unspecified,,,,,Start_Hz,End_Hz,Duration_s,RL_dB,,,,,
,,,,,,,,,,,,,,,,
,Gray Whale,Er,1,Crane & Lashkari 1996; Dahlheim 1984,,,"Gray whale calls are traditionally prefixed by an S, M, or N depending upon the whale's location on calving grounds (S), migration routes (M), or feeding grounds (N).",Start_Hz,End_Hz,Duration_s,RL_dB,IPI_s,PulseCount,,,
,Gray Whale,Er,2,Dahlheim 1984,,,,Start_Hz,End_Hz,Duration_s,RL_dB,,,,,
,Gray Whale,Er,3,Crane & Lashkari 1996; Dahlheim 1984,,,,Start_Hz,End_Hz,Duration_s,RL_dB,SidebandInterval_s,,,,
,Gray Whale,Er,4,Crane & Lashkari 1996; Dahlheim 1984,,,,Start_Hz,End_Hz,Duration_s,RL_dB,,,,,
,Gray Whale,Er,5,Crane & Lashkari 1996; Dahlheim 1984,,,,Start_Hz,End_Hz,Duration_s,RL_dB,,,,,
,Gray Whale,Er,6,Dahlheim 1984,,,,Start_Hz,End_Hz,Duration_s,RL_dB,IPI_s,PulseCount,,,
,Gray Whale,Er,7,Dahlheim 1984,,,,Start_Hz,End_Hz,Duration_s,RL_dB,,,,,
,Gray Whale,Er,All,,,,Presence of Gray whales producing any call type,Start_Hz,End_Hz,Duration_s,RL_dB,,,,,
,Gray Whale,Er,Unspecified,,,,Call type not previously described,Start_Hz,End_Hz,Duration_s,RL_dB,,,,,
,,,,,,,,,,,,,,,,
,Humpback Whale,Mn,Song,Payne & McVay 1971,,,,Start_Hz,End_Hz,Duration_s,RL_dB,,,,,
,Humpback Whale,Mn,Non-Song,Dunlop et al 2008; Stimpert et al 2011,,,,Start_Hz,End_Hz,Duration_s,RL_dB,,,,,
,Humpback Whale,Mn,Non-Song/Scream,??,,,not sure what this separate category refers to?,Start_Hz,End_Hz,Duration_s,RL_dB,,,,,
,Humpback Whale,Mn,Unspecified,,,,Call type not previously described,Start_Hz,End_Hz,Duration_s,RL_dB,,,,,
,Humpback Whale,Mn,All,,,,Presence of Humpback whales producing any call type,Start_Hz,End_Hz,Duration_s,RL_dB,,,,,
,,,,,,,,,,,,,,,,
,Minke Whale,Ba,Boing,Rankin & Barlow 2007,,,,Start_Hz,End_Hz,Duration_s,RL_dB,IPI_s,PulseCount,Peak_Hz,,
,Minke Whale,Ba,Bio-duck,Risch et al 2014,,,,,,,,,,,,
,Minke Whale,Ba,Pulse_train,Mellinger et al 2000,,,,Start_Hz,End_Hz,Duration_s,RL_dB,IPI_s,PulseCount,StartIPI,EndIPI,Peak_Hz
,Minke Whale,Ba,Pulse_train/Speed-Up,Mellinger et al 2000,,,,Start_Hz,End_Hz,Duration_s,RL_dB,IPI_s,PulseCount,StartIPI,EndIPI,Peak_Hz
,Minke Whale,Ba,Pulse_train/Slow-Down,Mellinger et al 2000,,,,Start_Hz,End_Hz,Duration_s,RL_dB,IPI_s,PulseCount,StartIPI,EndIPI,Peak_Hz
,Minke Whale,Ba,Pulse_train/Constant,"Risch, MEPS 2013 in press",,,,Start_Hz,End_Hz,Duration_s,RL_dB,IPI_s,PulseCount,StartIPI,EndIPI,Peak_Hz
,Minke Whale,Ba,Star_Wars_Vocalization,Gedamke et al 2001,,,,Start_Hz,End_Hz,Duration_s,RL_dB,,,,,
,Minke Whale,Ba,Downsweep,Schevill and Watkins 1972; Edds Walton 2000,,,"it is hard to say whether these two authors recorded the same type of vocalization, but all these calls were somwhere between 50 and 150 Hz",Start_Hz,End_Hz,Duration_s,RL_dB,,,,,
,Minke Whale,Ba,Unspecified,,,,Call type not previously described,Start_Hz,End_Hz,Duration_s,RL_dB,,,,,
,Minke Whale,Ba,All,,,,Presence of Minke whales producing any call type,Start_Hz,End_Hz,Duration_s,RL_dB,,,,,
,,,,,,,,,,,,,,,,
,Right whale,Eg,Up-call,Parks & Tyack 2005,,,,Start_Hz,End_Hz,Duration_s,RL_dB,,,,,
,Right whale,Eg,Gunshot,Parks & Tyack 2005,,,,Start_Hz,End_Hz,Duration_s,RL_dB,Min_Hz,Max_Hz,Peak_Hz,,
,Right whale,Eg,Scream,Parks & Tyack 2005,,,,Start_Hz,End_Hz,Duration_s,RL_dB,,,,,
,Right whale,Eg,Downsweep,Parks 2003,,,,Start_Hz,End_Hz,Duration_s,RL_dB,,,,,
,Right whale,Eg,Moan,Matthews et al 2001; Esch unpub,,,,Start_Hz,End_Hz,Duration_s,RL_dB,,,,,
,Right whale,Eg,Unspecified,,,,Call type not previously described,Start_Hz,End_Hz,Duration_s,RL_dB,,,,,
,Right whale,Eg,All,,,,Presence of right whales producing any call type,,,,RL_dB,,,,,
,,,,,,,,,,,,,,,,
,North Pacific right whale,Ej,Up,McDonald & Moore 2002,,,,Start_Hz,End_Hz,Duration_s,RL_dB,,,,,
,North Pacific right whale,Ej,Down-up,McDonald & Moore 2002,,,,Start_Hz,End_Hz,Duration_s,RL_dB,Min_Hz,Max_Hz,,,
,North Pacific right whale,Ej,Gunshot,ask Catherine-- Rone et al. paper in press?,,,,Start_Hz,End_Hz,Duration_s,RL_dB,Min_Hz,Max_Hz,Peak_Hz,,
,North Pacific right whale,Ej,Scream,not sure if documented in Ej?,,,,Start_Hz,End_Hz,Duration_s,RL_dB,,,,,
,North Pacific right whale,Ej,Down,McDonald & Moore 2002,,,,Start_Hz,End_Hz,Duration_s,RL_dB,,,,,
,North Pacific right whale,Ej,Moan,"McDonald & Moore 2002 (""constant-tonal"" and/or ""constant-waver"")",,,,Start_Hz,End_Hz,Duration_s,RL_dB,,,,,
,North Pacific right whale,Ej,Unspecified,,,,Call type not previously described,Start_Hz,End_Hz,Duration_s,RL_dB,,,,,
,North Pacific right whale,Ej,All,,,,Presence of right whales producing any call type,Start_Hz,End_Hz,Duration_s,RL_dB,,,,,
,,,,,,,,,,,,,,,,
,Southern right whale,Ea,Up,Clark 1982,,,,Start_Hz,End_Hz,Duration_s,RL_dB,,,,,
,Southern right whale,Ea,Gunshot,"Clark 1982 (""slap"")",,,,Start_Hz,End_Hz,Duration_s,RL_dB,Min_Hz,Max_Hz,Peak_Hz,,
,Southern right whale,Ea,Scream,"Clark 1982, 1983 (""high"", ""hybrid"", or ""pulsive"")",,,,Start_Hz,End_Hz,Duration_s,RL_dB,,,,,
,Southern right whale,Ea,Down,Clark 1982,,,,Start_Hz,End_Hz,Duration_s,RL_dB,,,,,
,Southern right whale,Ea,Moan,"Clark 1982 (""constant call"")",,,,Start_Hz,End_Hz,Duration_s,RL_dB,,,,,
,Southern right whale,Ea,Unspecified,,,,Call type not previously described,Start_Hz,End_Hz,Duration_s,RL_dB,,,,,
,Southern right whale,Ea,All,,,,Presence of right whales producing any call type,,,,,,,,,
,,,,,,,,,,,,,,,,
,,,,,,,,Start_Hz,End_Hz,Duration_s,RL_dB,,,,,
,Bowhead whale,BM,blows,Wuersig & Clark 1993,,,needs Catherine's review!,Start_Hz,End_Hz,Duration_s,RL_dB,,,,,
,Bowhead whale,BM,crunch sounds,Wuersig & Clark 1993,,,,Start_Hz,End_Hz,Duration_s,RL_dB,,,,,
,Bowhead whale,BM,gunshots,Wuersig & Clark 1993,,,,Start_Hz,End_Hz,Duration_s,RL_dB,,,,,
,Bowhead whale,BM,slaps,Wuersig & Clark 1993,,,,Start_Hz,End_Hz,Duration_s,RL_dB,,,,,
,Bowhead whale,BM,LF/FM_calls,Wuersig & Clark 1993,,,,Start_Hz,End_Hz,Duration_s,RL_dB,,,,,
,Bowhead whale,BM,HF_calls,Wuersig & Clark 1993,,,,Start_Hz,End_Hz,Duration_s,RL_dB,,,,,
,Bowhead whale,BM,Pulsive_calls,Wuersig & Clark 1993,,,,Start_Hz,End_Hz,Duration_s,RL_dB,,,,,
,Bowhead whale,BM,Song,Cummings et al 1980; Stafford et al 2008; Tervo et al 2011,,,,Start_Hz,End_Hz,Duration_s,RL_dB,,,,,
,Bowhead whale,BM,Unspecified,,,,Call type not previously described,Start_Hz,End_Hz,Duration_s,RL_dB,,,,,
,Bowhead whale,BM,All,,,,Presence of bowhead whales producing any call type,Start_Hz,End_Hz,Duration_s,RL_dB,,,,,
,,,,,,,,,,,,,,,,
,Unidentified Whale,UW,Other/Tonal,,,,,Start_Hz,End_Hz,Duration_s,RL_dB,Harmonics_Hz,BestGuess(SpeciesCode),,,
,Unidentified Whale,UW,Other/Pulsed,,,,,Start_Hz,End_Hz,Duration_s,RL_dB,InterpulseInterval_s,PulseCount,Harmonics_Hz,BestGuessSpecies,
,Unidentified Whale,UW,Other/FM,,,,,Start_Hz,End_Hz,Duration_s,RL_dB,Min_Hz,Max_Hz,InflectionPoints,Harmonics_Hz,BestGuessSpecies
,Unidentified Whale,UW,Gunshot,,,,,Start_Hz,End_Hz,Duration_s,RL_dB,Min_Hz,Max_Hz,Peak_Hz,BestGuessSpecies,
,Unidentified Whale,UW,Fin-Sei Downsweep,,,,,Start_Hz,End_Hz,Duration_s,RL_dB,BestGuessSpecies,,,,
,Unidentified Whale,UW,Watkins whale,Watkins et al. 2004,,,,Start_Hz,End_Hz,Duration_s,RL_dB,BestGuessSpecies,,,,
,,,,,,,,,,,,,,,,
Odontocetes (except Beaked Whales),Short-beaked Common Dolphin,Dd,Clicks,,,,,,,,,,,,,
,Short-beaked Common Dolphin,Dd,Buzzes,,,,,,,,,,,,,
,Short-beaked Common Dolphin,Dd,Whistles,,,,,,,,,,,,,
,,,,,,,,,,,,,,,,
,Long-beaked Common Dolphin,Dc,Clicks,,,,,,,,,,,,,
,Long-beaked Common Dolphin,Dc,Buzzes,,,,,,,,,,,,,
,Long-beaked Common Dolphin,Dc,Whistles,,,,,,,,,,,,,
,,,,,,,,,,,,,,,,
,Risso's Dolphin,Gg,Clicks,,,,,peak 1 (low),peak 2,peak 3,peak 4 (high),,,,,
,Risso's Dolphin,Gg,Buzzes,,,,,,,,,,,,,
,Risso's Dolphin,Gg,Whistles,,,,,,,,,,,,,
,,,,,,,,,,,,,,,,
,Short-finned Pilot Whale,Gm,Clicks,,,,,,,,,,,,,
,Short-finned Pilot Whale,Gm,Buzzes,,,,,,,,,,,,,
,Short-finned Pilot Whale,Gm,Whistles,,,,,,,,,,,,,
,,,,,,,,,,,,,,,,
,Northern Right Whale Dolphin,Lb,Clicks,,,,,,,,,,,,,
,Northern Right Whale Dolphin,Lb,Buzzes,,,,,,,,,,,,,
,Northern Right Whale Dolphin,Lb,Whistles,,,,,,,,,,,,,
,,,,,,,,,,,,,,,,
,Pacific White-sided Dolphin,Lo,Clicks/A,,,,,peak 1 (low),peak 2,peak 3 (high),,,,,,
,Pacific White-sided Dolphin,Lo,Clicks/B,,,,,peak 1 (low),peak 2,peak 3 (high),,,,,,
,Pacific White-sided Dolphin,Lo,Buzzes,,,,,,,,,,,,,
,Pacific White-sided Dolphin,Lo,Whistles,,,,,,,,,,,,,
,,,,,,,,,,,,,,,,
,Killer Whale,Oo,Clicks,,,,,,,,,,,,,
,Killer Whale,Oo,Buzzes,,,,,,,,,,,,,
,Killer Whale,Oo,Pulsed Calls,,,,,,,,,,,,,
,Killer Whale,Oo,Whistles,,,,,,,,,,,,,
,Killer Whale,Oo,HFM,,,,"I'm assuming that we want to note specifically the two components and that is why we are not using Min/Max, correct? - mar",High_Hz,Low_Hz,,,,,,,
,,,,,,,,,,,,,,,,
,False Killer Whale,Pc,Clicks,,,,,,,,,,,,,
,False Killer Whale,Pc,Buzzes,,,,,,,,,,,,,
,False Killer Whale,Pc,Whistles,,,,,,,,,,,,,
,,,,,,,,,,,,,,,,
,Pygmy Killer Whale,Fa,Clicks,,,,,,,,,,,,,
,Pygmy Killer Whale,Fa,Buzzes,,,,,,,,,,,,,
,Pygmy Killer Whale,Fa,Whistles,,,,,,,,,,,,,
,,,,,,,,,,,,,,,,
,Unidentified Porpoise,UPP,Clicks,,,,,,,,,,,,,
,Unidentified Porpoise,UPP,Buzzes,,,,,,,,,,,,,
,Unidentified Porpoise,UPP,Whistles,,,,,,,,,,,,,
,,,,,,,,,,,,,,,,
,Dall's Porpoise,Pd,Clicks,,,,,,,,,,,,,
,Dall's Porpoise,Pd,Buzzes,,,,,,,,,,,,,
,Dall's Porpoise,Pd,Whistles,,,,,,,,,,,,,
,,,,,,,,,,,,,,,,
,Sperm Whale,Pm,Clicks,,,,,Min_Hz,Peak_Hz,Max_Hz,,,,,,
,Sperm Whale,Pm,Creaks,,,,,Min_Hz,Peak_Hz,Max_Hz,,,,,,
,Sperm Whale,Pm,Slow Clicks,,,,,Min_Hz,Peak_Hz,Max_Hz,,,,,,
,Sperm Whale,Pm,Codas,,,,,Min_Hz,Peak_Hz,Max_Hz,,,,,,
,Sperm Whale,Pm,Squeals,,,,,dominant sideband,min harmonic,max harmonic,,,,,,
,,,,,,,,,,,,,,,,
,Pygmy Sperm Whale,Kb,Clicks,,,,,,,,,,,,,
,Pygmy Sperm Whale,Kb,Buzzes,,,,,,,,,,,,,
,Pygmy Sperm Whale,Kb,Whistles,,,,,,,,,,,,,
,,,,,,,,,,,,,,,,
,Dwarf Sperm Whale,Ks,Clicks,,,,,,,,,,,,,
,Dwarf Sperm Whale,Ks,Buzzes,,,,,,,,,,,,,
,Dwarf Sperm Whale,Ks,Whistles,,,,,,,,,,,,,
,,,,,,,,,,,,,,,,
,Kogia spp.,Kspp,Clicks,,,,,,,,,,,,,
,Kogia spp.,Kspp,Buzzes,,,,,,,,,,,,,
,Kogia spp.,Kspp,Whistles,,,,,,,,,,,,,
,,,,,,,,,,,,,,,,
,Striped Dolphin,Sc,Clicks,,,,,,,,,,,,,
,Striped Dolphin,Sc,Buzzes,,,,,,,,,,,,,
,Striped Dolphin,Sc,Whistles,,,,,,,,,,,,,
,,,,,,,,,,,,,,,,
,Unidentified Odontocete,UO,Clicks/>20kHz,,,,,Min_Hz,Max_Hz,peak 1 (low),peak 2,peak 3,peak 4 (high),,,
,Unidentified Odontocete,UO,Clicks/<20kHz,,,,,Min_Hz,Max_Hz,peak 1 (low),peak 2,peak 3,peak 4 (high),,,
,Unidentified Odontocete,UO,Clicks/50kHz,,,,,Min_Hz,Max_Hz,peak 1 (low),peak 2,peak 3,peak 4 (high),,,
,Unidentified Odontocete,UO,Buzzes,,,,,,,,,,,,,
,Unidentified Odontocete,UO,Whistles/>10kHz,,,,,,,,,,,,,
,Unidentified Odontocete,UO,Whistles/<10kHz,,,,,,,,,,,,,
,Unidentified Odontocete,UO,Whistles/<5kHz,,,,,,,,,,,,,
,,,,,,,,,,,,,,,,
Beaked Whales,Baird's Beaked Whale,Bb1,Clicks,,,,,Min_Hz,Peak_Hz,Max_Hz,,,,,,
,Baird's Beaked Whale,Bb1,Buzzes,,,,,,,,,,,,,
,Baird's Beaked Whale,Bb1,Whistles,,,,,,,,,,,,,
,,,,,,,,,,,,,,,,
,Blainville's Beaked Whale,Md,Clicks,,,,,Min_Hz,Peak_Hz,Max_Hz,,,,,,
,Blainville's Beaked Whale,Md,Buzzes,,,,,,,,,,,,,
,Blainville's Beaked Whale,Md,Whistles,,,,,,,,,,,,,
,,,,,,,,,,,,,,,,
,Cross Beaked Whale,BWC,Clicks,,,,,Min_Hz,Peak_Hz,Max_Hz,,,,,,
,Cross Beaked Whale,BWC,Buzzes,,,,,,,,,,,,,
,Cross Beaked Whale,BWC,Whistles,,,,,,,,,,,,,
,,,,,,,,,,,,,,,,
,Cuvier's Beaked Whale,Zc,Clicks,,,,,Min_Hz,Peak_Hz,Max_Hz,,,,,,
,Cuvier's Beaked Whale,Zc,Buzzes,,,,,,,,,,,,,
,Cuvier's Beaked Whale,Zc,Whistles,,,,,,,,,,,,,
,,,,,,,,,,,,,,,,
,Gervais' Beaked Whale,Me,Clicks,,,,,Min_Hz,Peak_Hz,Max_Hz,,,,,,
,Gervais' Beaked Whale,Me,Buzzes,,,,,,,,,,,,,
,Gervais' Beaked Whale,Me,Whistles,,,,,,,,,,,,,
,,,,,,,,,,,,,,,,
,Longman's Beaked Whale,Ip,Clicks,,,,,Min_Hz,Peak_Hz,Max_Hz,,,,,,
,Longman's Beaked Whale,Ip,Buzzes,,,,,,,,,,,,,
,Longman's Beaked Whale,Ip,Whistles,,,,,,,,,,,,,
,,,,,,,,,,,,,,,,
,Palmyra Beaked Whale,BWP,Clicks,,,,,Min_Hz,Peak_Hz,Max_Hz,,,,,,
,Palmyra Beaked Whale,BWP,Buzzes,,,,,,,,,,,,,
,Palmyra Beaked Whale,BWP,Whistles,,,,,,,,,,,,,
,,,,,,,,,,,,,,,,
,Stejneger's Beaked Whale,Ms,Clicks,,,,,Min_Hz,Peak_Hz,Max_Hz,,,,,,
,Stejneger's Beaked Whale,Ms,Buzzes,,,,,,,,,,,,,
,Stejneger's Beaked Whale,Ms,Whistles,,,,,,,,,,,,,
,,,,,,,,,,,,,,,,
,40 kHz Beaked Whale,BW40,Clicks,,,,,Min_Hz,Peak_Hz,Max_Hz,,,,,,
,40 kHz Beaked Whale,BW40,Buzzes,,,,,,,,,,,,,
,40 kHz Beaked Whale,BW40,Whistles,,,,,,,,,,,,,
,,,,,,,,,,,,,,,,
,43 kHz Beaked Whale,BW43,Clicks,,,,,Min_Hz,Peak_Hz,Max_Hz,,,,,,
,43 kHz Beaked Whale,BW43,Buzzes,,,,,,,,,,,,,
,43 kHz Beaked Whale,BW43,Whistles,,,,,,,,,,,,,
,,,,,,,,,,,,,,,,
,50 kHz Beaked Whale,BW50,Clicks,,,,,Min_Hz,Peak_Hz,Max_Hz,,,,,,
,50 kHz Beaked Whale,BW50,Buzzes,,,,,,,,,,,,,
,50 kHz Beaked Whale,BW50,Whistles,,,,,,,,,,,,,
,,,,,,,,,,,,,,,,
,53 kHz Beaked Whale,BW53,Clicks,,,,,Min_Hz,Peak_Hz,Max_Hz,,,,,,
,53 kHz Beaked Whale,BW53,Buzzes,,,,,,,,,,,,,
,53 kHz Beaked Whale,BW53,Whistles,,,,,,,,,,,,,
,,,,,,,,,,,,,,,,
,65 kHz Beaked Whale,BW65,Clicks,,,,,Min_Hz,Peak_Hz,Max_Hz,,,,,,
,65 kHz Beaked Whale,BW65,Buzzes,,,,,,,,,,,,,
,65 kHz Beaked Whale,BW65,Whistles,,,,,,,,,,,,,
,,,,,,,,,,,,,,,,
,70 kHz Beaked Whale,BW70,Clicks,,,,,Min_Hz,Peak_Hz,Max_Hz,,,,,,
,70 kHz Beaked Whale,BW70,Buzzes,,,,,,,,,,,,,
,70 kHz Beaked Whale,BW70,Whistles,,,,,,,,,,,,,
,,,,,,,,,,,,,,,,
,Unidentified Beaked Whale,UBW,Clicks,,,,,Min_Hz,Peak_Hz,Max_Hz,,,,,,
,Unidentified Beaked Whale,UBW,Buzzes,,,,,,,,,,,,,
,Unidentified Beaked Whale,UBW,Whistles,,,,,,,,,,,,,
,,,,,,,,,,,,,,,,
Pinniped,Unidentified Pinniped,UP,Bark,,,,,,,,,,,,,
,Unidentified Pinniped,UP,Other,,,,,,,,,,,,,
,,,,,,,,,,,,,,,,
Unidentified Marine Mammal,Unidentified Marine Mammal,UMM,Other,,,,,Start_Hz,End_Hz,Duration_s,RL_dB,,,,,
,,,,,,,,,,,,,,,,
Anthropogenic,Anthropogenic,Anthro,Explosion,,,,,Start_Hz,End_Hz,Duration_s,RL_dB,Max_Hz,Duration_s,,,
,Anthropogenic,Anthro,Communications,,,,,Start_Hz,End_Hz,Duration_s,RL_dB,Min_Hz,Peak_Hz,Max_Hz,,
,Anthropogenic,Anthro,Ship/Broadband,,,,,Start_Hz,End_Hz,Duration_s,RL_dB,,,,,
,Anthropogenic,Anthro,Ship/Narrowband,,,,,Start_Hz,End_Hz,Duration_s,RL_dB,,,,,
,Anthropogenic,Anthro,Ship/Low Frequency,,,,,Start_Hz,End_Hz,Duration_s,RL_dB,,,,,
,Anthropogenic,Anthro,Ship/Small Boat,,,,,Start_Hz,End_Hz,Duration_s,RL_dB,,,,,
,Anthropogenic,Anthro,Ship/Other,,,,,Start_Hz,End_Hz,Duration_s,RL_dB,,,,,
,Anthropogenic,Anthro,Pile driving,,,,,Start_Hz,End_Hz,Duration_s,RL_dB,Min_Hz,Peak_Hz,Max_Hz,,
,Anthropogenic,Anthro,Airguns,,,,,Start_Hz,End_Hz,Duration_s,RL_dB,Min_Hz,Peak_Hz,Max_Hz,,
,Anthropogenic,Anthro,Active Sonar/LFA<500Hz,,,,,Min_Hz,Peak_Hz,Max_Hz,,,,,,
,Anthropogenic,Anthro,Active Sonar/LFA>500Hz,,,,,Min_Hz,Peak_Hz,Max_Hz,,,,,,
,Anthropogenic,Anthro,Active Sonar/MFA<5kHz,,,,,Start_Hz,End_Hz,Duration_s,RL_dB,Min_Hz,Peak_Hz,Max_Hz,,
,Anthropogenic,Anthro,Active Sonar/MFA>5kHz,,,,,Start_Hz,End_Hz,Duration_s,RL_dB,MIn_Hz,Peak_Hz,Max_Hz,,
,Anthropogenic,Anthro,Active Sonar/Echosounder,,,,,Start_Hz,End_Hz,Duration_s,RL_dB,Peak_Hz,Sideband1_Hz,Sideband2_Hz,Sideband3_Hz,Sideband4_Hz
,Anthropogenic,Anthro,Airplane,,,,,Start_Hz,End_Hz,Duration_s,RL_dB,,,,,
,Anthropogenic,Anthro,Other,,,,,Start_Hz,End_Hz,Duration_s,RL_dB,,,,,
,,,,,,,,,,,,,,,,
Fish,Cod,GM,Grunt,Brawn 1961,,,,Start_Hz,End_Hz,Duration_s,RL_dB,,,,,
,Haddock,MA,knocks,Hawkins & Amorim 2000,,,,Start_Hz,End_Hz,Duration_s,RL_dB,,,,,
,Oyster toadfish,OT,boat whistle,Fine et al 1978,,,,Start_Hz,End_Hz,Duration_s,RL_dB,,,,,
,Black Drum,PC,drum,Locascio et al 2008,,,,Start_Hz,End_Hz,Duration_s,RL_dB,,,,,
,Unidentified Fish,UF,300 Hz call,Wall et al 2012,,,,Start_Hz,End_Hz,Duration_s,RL_dB,,,,,
,Unidentified Fish,UF,Knocking,,,,,Start_Hz,End_Hz,Duration_s,RL_dB,,,,,
,Unidentified Fish,UF,Other,,,,,Start_Hz,End_Hz,Duration_s,RL_dB,,,,,
,,,,,,,,,,,,,,,,
Other,Other,Other,Other,,,,,,,,,,,,,
,Other,Other,Masking,,,,,,,,,,,,,
,Other,Other,5 pulse,,,,,,,,,,,,,
